var_name_hie,var_name_iasworld,var_name_athena,var_name_model,var_name_publish,var_name_pretty,var_type,var_data_type,var_code,var_value,var_value_short
,yrblt,char_yrblt,char_yrblt,year_built,Year Built,char,numeric,,,
qu_age,user17,char_age,char_age,age,Age,char,numeric,,,
qu_air,user7,char_air,char_air,central_air,Central Air Conditioning,char,categorical,1,Central A/C,YES
qu_air,user7,char_air,char_air,central_air,Central Air Conditioning,char,categorical,2,No Central A/C,NO
qu_num_apts,user14,char_apts,char_apts,num_apartments,Apartments,char,categorical,1,Two,TWO
qu_num_apts,user14,char_apts,char_apts,num_apartments,Apartments,char,categorical,2,Three,THREE
qu_num_apts,user14,char_apts,char_apts,num_apartments,Apartments,char,categorical,3,Four,FOUR
qu_num_apts,user14,char_apts,char_apts,num_apartments,Apartments,char,categorical,4,Five,FIVE
qu_num_apts,user14,char_apts,char_apts,num_apartments,Apartments,char,categorical,5,Six,SIX
qu_num_apts,user14,char_apts,char_apts,num_apartments,Apartments,char,categorical,6,None,NONE
qu_attic_finish,user6,char_attic_fnsh,char_attic_fnsh,attic_finish,Attic Finish,char,categorical,1,Living Area,LAR
qu_attic_finish,user6,char_attic_fnsh,char_attic_fnsh,attic_finish,Attic Finish,char,categorical,2,Partial,PT
qu_attic_finish,user6,char_attic_fnsh,char_attic_fnsh,attic_finish,Attic Finish,char,categorical,3,None,UNF
qu_attic_type,attic,char_attic_type,char_attic_type,attic_type,Attic Type,char,categorical,1,Full,FL
qu_attic_type,attic,char_attic_type,char_attic_type,attic_type,Attic Type,char,categorical,2,Partial,PT
qu_attic_type,attic,char_attic_type,char_attic_type,attic_type,Attic Type,char,categorical,3,None,NO
qu_beds,rmbed,char_beds,char_beds,num_bedrooms,Bedrooms,char,numeric,,,
qu_sqft_bld,sfla,char_bldg_sf,char_bldg_sf,building_sqft,Building Square Feet,char,numeric,,,
qu_basement_type,bsmt,char_bsmt,char_bsmt,basement_type,Basement Type,char,categorical,1,Full,FL
qu_basement_type,bsmt,char_bsmt,char_bsmt,basement_type,Basement Type,char,categorical,2,Slab,SL
qu_basement_type,bsmt,char_bsmt,char_bsmt,basement_type,Basement Type,char,categorical,3,Partial,PT
qu_basement_type,bsmt,char_bsmt,char_bsmt,basement_type,Basement Type,char,categorical,4,Crawl,CR
qu_basement_finish,user12,char_bsmt_fin,char_bsmt_fin,basement_finish,Basement Finish,char,categorical,1,Formal Rec Room,REC
qu_basement_finish,user12,char_bsmt_fin,char_bsmt_fin,basement_finish,Basement Finish,char,categorical,2,Apartment,APT
qu_basement_finish,user12,char_bsmt_fin,char_bsmt_fin,basement_finish,Basement Finish,char,categorical,3,Unfinished,UNF
qu_construct_quality,grade,char_cnst_qlty,char_cnst_qlty,construction_quality,Construction Quality,char,categorical,1,Deluxe,DLXE
qu_construct_quality,grade,char_cnst_qlty,char_cnst_qlty,construction_quality,Construction Quality,char,categorical,2,Average,AVG
qu_construct_quality,grade,char_cnst_qlty,char_cnst_qlty,construction_quality,Construction Quality,char,categorical,3,Poor,POOR
qu_exterior_wall,extwall,char_ext_wall,char_ext_wall,ext_wall_material,Exterior Wall Material,char,categorical,1,Frame,FRAM
qu_exterior_wall,extwall,char_ext_wall,char_ext_wall,ext_wall_material,Exterior Wall Material,char,categorical,2,Masonry,MASR
qu_exterior_wall,extwall,char_ext_wall,char_ext_wall,ext_wall_material,Exterior Wall Material,char,categorical,3,Frame + Masonry,FRMA
qu_exterior_wall,extwall,char_ext_wall,char_ext_wall,ext_wall_material,Exterior Wall Material,char,categorical,4,Stucco,STUC
qu_full_bath,fixbath,char_fbath,char_fbath,num_full_baths,Full Baths,char,numeric,,,
qu_fire_place,wbfp_o,char_frpl,char_frpl,num_fireplaces,Fireplaces,char,numeric,,,
qu_garage_area,user32,char_gar1_area,char_gar1_area,garage_area_included,Garage 1 Area Included,char,categorical,1,Yes,YES
qu_garage_area,user32,char_gar1_area,char_gar1_area,garage_area_included,Garage 1 Area Included,char,categorical,2,No,NO
qu_garage_attached,user31,char_gar1_att,char_gar1_att,garage_attached,Garage 1 Attached,char,categorical,1,Yes,YES
qu_garage_attached,user31,char_gar1_att,char_gar1_att,garage_attached,Garage 1 Attached,char,categorical,2,No,NO
qu_garage_const,user34,char_gar1_cnst,char_gar1_cnst,garage_ext_wall_material,Garage 1 Ext. Wall Material,char,categorical,1,Frame,FRAM
qu_garage_const,user34,char_gar1_cnst,char_gar1_cnst,garage_ext_wall_material,Garage 1 Ext. Wall Material,char,categorical,2,Masonry,MASR
qu_garage_const,user34,char_gar1_cnst,char_gar1_cnst,garage_ext_wall_material,Garage 1 Ext. Wall Material,char,categorical,3,Frame + Masonry,FRMA
qu_garage_const,user34,char_gar1_cnst,char_gar1_cnst,garage_ext_wall_material,Garage 1 Ext. Wall Material,char,categorical,4,Stucco,STUC
qu_garage_size,user33,char_gar1_size,char_gar1_size,garage_size,Garage 1 Size,char,categorical,1,1 cars,1CAR
qu_garage_size,user33,char_gar1_size,char_gar1_size,garage_size,Garage 1 Size,char,categorical,2,1.5 cars,1.5CAR
qu_garage_size,user33,char_gar1_size,char_gar1_size,garage_size,Garage 1 Size,char,categorical,3,2 cars,2CAR
qu_garage_size,user33,char_gar1_size,char_gar1_size,garage_size,Garage 1 Size,char,categorical,4,2.5 cars,2.5CAR
qu_garage_size,user33,char_gar1_size,char_gar1_size,garage_size,Garage 1 Size,char,categorical,5,3 cars,3CAR
qu_garage_size,user33,char_gar1_size,char_gar1_size,garage_size,Garage 1 Size,char,categorical,6,3.5 cars,3.5CAR
qu_garage_size,user33,char_gar1_size,char_gar1_size,garage_size,Garage 1 Size,char,categorical,7,0 cars,0CAR
qu_garage_size,user33,char_gar1_size,char_gar1_size,garage_size,Garage 1 Size,char,categorical,8,4 cars,4CAR
qu_half_bath,fixhalf,char_hbath,char_hbath,num_half_baths,Half Baths,char,numeric,,,
qu_lnd_sqft,sf,char_land_sf,char_land_sf,land_sqft,Land Square Feet,char,numeric,,,
qu_heat,heat,char_heat,char_heat,central_heating,Central Heating,char,categorical,1,Warm Air Furnace,FURN
qu_heat,heat,char_heat,char_heat,central_heating,Central Heating,char,categorical,2,Hot Water Steam,STM
qu_heat,heat,char_heat,char_heat,central_heating,Central Heating,char,categorical,3,Electric Heater,ELEC
qu_heat,heat,char_heat,char_heat,central_heating,Central Heating,char,categorical,4,None,NONE
qu_no_com_unit,user20,char_ncu,char_ncu,num_commercial_units,Number of Commercial Units,char,numeric,,,
,,char_oheat,char_oheat,other_heating,Other Heating,char,categorical,1,Floor Furnace,FURN
,,char_oheat,char_oheat,other_heating,Other Heating,char,categorical,2,Unit Heater,UNIT
,,char_oheat,char_oheat,other_heating,Other Heating,char,categorical,3,Stove,STVE
,,char_oheat,char_oheat,other_heating,Other Heating,char,categorical,4,Solar,SOLR
,,char_oheat,char_oheat,other_heating,Other Heating,char,categorical,5,None,NONE
qu_porch,user30,char_porch,char_porch,porch,Porch,char,categorical,0,None,NONE
qu_porch,user30,char_porch,char_porch,porch,Porch,char,categorical,1,Frame Enclosed,FRAM
qu_porch,user30,char_porch,char_porch,porch,Porch,char,categorical,2,Masonry Enclosed,MSRY
qu_renovation,user3,char_renovation,char_renovation,renovation,Renovation,char,categorical,1,Yes,YES
qu_renovation,user3,char_renovation,char_renovation,renovation,Renovation,char,categorical,0,No,NO
qu_state_of_repair,user1,char_repair_cnd,char_repair_cnd,repair_condition,Repair Condition,char,categorical,1,Above Average,GOOD
qu_state_of_repair,user1,char_repair_cnd,char_repair_cnd,repair_condition,Repair Condition,char,categorical,2,Average,AVG
qu_state_of_repair,user1,char_repair_cnd,char_repair_cnd,repair_condition,Repair Condition,char,categorical,3,Below Average,POOR
qu_roof,user13,char_roof_cnst,char_roof_cnst,roof_material,Roof Material,char,categorical,1,Shingle + Asphalt,SHAS
qu_roof,user13,char_roof_cnst,char_roof_cnst,roof_material,Roof Material,char,categorical,2,Tar + Gravel,TRGR
qu_roof,user13,char_roof_cnst,char_roof_cnst,roof_material,Roof Material,char,categorical,3,Slate,SLTE
qu_roof,user13,char_roof_cnst,char_roof_cnst,roof_material,Roof Material,char,categorical,4,Shake,SHKE
qu_roof,user13,char_roof_cnst,char_roof_cnst,roof_material,Roof Material,char,categorical,5,Tile,TILE
qu_roof,user13,char_roof_cnst,char_roof_cnst,roof_material,Roof Material,char,categorical,6,Other,OTHR
qu_rooms,rmtot,char_rooms,char_rooms,num_rooms,Rooms,char,numeric,,,
qu_site_desire,user2,char_site,char_site,site_desirability,Site Desirability,char,categorical,1,Beneficial To Value,BTV
qu_site_desire,user2,char_site,char_site,site_desirability,Site Desirability,char,categorical,2,Not Relevant To Value,NRTV
qu_site_desire,user2,char_site,char_site,site_desirability,Site Desirability,char,categorical,3,Detracts From Value,DFV
qu_type_design,user4,char_tp_dsgn,char_tp_dsgn,cathedral_ceiling,Cathedral Ceiling,char,categorical,1,Yes,YES
qu_type_design,user4,char_tp_dsgn,char_tp_dsgn,cathedral_ceiling,Cathedral Ceiling,char,categorical,2,No,NO
qu_type_plan,user5,char_tp_plan,char_tp_plan,design_plan,Design Plan,char,categorical,1,Architect,ARCT
qu_type_plan,user5,char_tp_plan,char_tp_plan,design_plan,Design Plan,char,categorical,2,Stock Plan,STCK
qu_type_of_res,stories,char_type_resd,char_type_resd,type_of_residence,Type of Residence,char,categorical,1,1 Story,1STRY
qu_type_of_res,stories,char_type_resd,char_type_resd,type_of_residence,Type of Residence,char,categorical,2,2 Story,2STRY
qu_type_of_res,stories,char_type_resd,char_type_resd,type_of_residence,Type of Residence,char,categorical,3,3 Story +,3STRY+
qu_type_of_res,stories,char_type_resd,char_type_resd,type_of_residence,Type of Residence,char,categorical,4,Split Level,SPLT
qu_type_of_res,stories,char_type_resd,char_type_resd,type_of_residence,Type of Residence,char,categorical,5,1.5 Story,1.5STRY
qu_type_of_res,stories,char_type_resd,char_type_resd,type_of_residence,Type of Residence,char,categorical,9.9,Missing,MSSNG
qu_use,user15,char_use,char_use,single_v_multi_family,Single vs. Multi-family Use,char,categorical,1,Single-Family,SF
qu_use,user15,char_use,char_use,single_v_multi_family,Single vs. Multi-family Use,char,categorical,2,Multi-Family,MF
,cdu,cdu,meta_cdu,cdu,"Condition, Desirability, and Utility",meta,character,,,
qu_pin,parid,pin,meta_pin,pin,PIN,meta,character,,,
,,pin10,meta_pin10,pin10,PIN (10-digit),meta,character,,,
qu_class,class,class,meta_class,class,Property Class,meta,character,,,
,taxyr,year,meta_year,year,Year,meta,character,,,
,,township_name,meta_township_name,township_name,Township Name,meta,character,,,
qu_town,,township_code,meta_township_code,township_code,Township Code,meta,character,,,
,taxdist,tax_code,meta_tax_code,tax_district_code,Tax District Code,meta,character,,,
qu_nbhd,nbhd,nbhd_code,meta_nbhd_code,neighborhood_code,Neighborhood Code,meta,character,,,
,,triad_name,meta_triad_name,triad_name,Triad Name,meta,character,,,
,,triad_code,meta_triad_code,triad_code,Triad Code,meta,character,,,
,tieback,tieback_key_pin,meta_tieback_key_pin,proration_key_pin,Tieback Key PIN,meta,character,,,
,tiebldgpct,tieback_proration_rate,meta_tieback_proration_rate,proration_rate,Tieback Proration Rate,meta,numeric,,,
,adrpre,prop_address_prefix,,,,loc,character,,,
,adrno,prop_address_street_number,,,,loc,character,,,
,adrdir,prop_address_street_dir,,,,loc,character,,,
,adrstr,prop_address_street_name,,,,loc,character,,,
,adrsuf,prop_address_suffix_1,,,,loc,character,,,
,adrsuf2,prop_address_suffix_2,,,,loc,character,,,
,unitdesc,prop_address_unit_prefix,,,,loc,character,,,
,unitno,prop_address_unit_number,,,,loc,character,,,
,cityname,prop_address_city_name,loc_property_city,property_city,Property City,loc,character,,,
,statecode,prop_address_state,loc_property_state,property_state,Property State,loc,character,,,
,zip1,prop_address_zipcode_1,loc_property_zip,property_zip,Property Zip Code,loc,character,,,
,zip2,prop_address_zipcode_2,,,,loc,character,,,
,,prop_address_full,loc_property_address,property_address,Property Address,loc,character,,,
,,mail_address_name,,mailing_name,Mailing Name,meta,character,,,
,,mail_address_full,,mail_address,Mailing Address,meta,character,,,
,cityname,mail_address_city_name,,mailing_city,Mailing City,meta,character,,,
,statecode,mail_address_state,,mailing_state,Mailing State,meta,character,,,
,zip1,mail_address_zipcode_1,,mailing_zip,Mailing Zip Code,meta,character,,,
,zip2,mail_address_zipcode_2,,,,meta,character,,,
qu_mlt_cd,card,card,meta_card_num,card_num,Card Number,meta,character,,,
,,pin_is_multicard,ind_pin_is_multicard,pin_is_multicard,Multicard PIN,ind,logical,,,
,,pin_num_cards,meta_pin_num_cards,pin_num_cards,Number of Cards on PIN,meta,numeric,,,
,,pin_is_multiland,ind_pin_is_multiland,pin_is_multiland,Multiland PIN,ind,logical,,,
,,pin_num_landlines,meta_pin_num_landlines,pin_num_landlines,Number of Landlines on PIN,meta,numeric,,,
,,pin_is_prorated,ind_pin_is_prorated,pin_is_prorated,Prorated PIN,ind,logical,,,
,,lon,loc_longitude,longitude,Longitude,loc,numeric,,,
,,lat,loc_latitude,latitude,Latitude,loc,numeric,,,
,,x_3435,loc_x_3435,centroid_x_crs_3435,Centroid X (CRS 3435),loc,numeric,,,
,,y_3435,loc_y_3435,centroid_y_crs_3435,Centroid Y (CRS 3435),loc,numeric,,,
,,census_block_group_geoid,loc_census_block_group_geoid,census_block_group_geoid,Census Block Group GEOID,loc,character,,,
,,census_block_geoid,loc_census_block_geoid,census_block_geoid,Census Block GEOID,loc,character,,,
,,census_congressional_district_geoid,loc_census_congressional_district_geoid,census_congressional_district_geoid,Census Congressional District GEOID,loc,character,,,
,,census_county_subdivision_geoid,loc_census_county_subdivision_geoid,census_county_subdivision_geoid,Census County Subdivision GEOID,loc,character,,,
,,census_place_geoid,loc_census_place_geoid,census_place_geoid,Census Place GEOID,loc,character,,,
,,census_puma_geoid,loc_census_puma_geoid,census_puma_geoid,Census Puma GEOID,loc,character,,,
,,census_school_district_elementary_geoid,loc_census_school_district_elementary_geoid,census_school_district_elementary_geoid,Census School District Elementary GEOID,loc,character,,,
,,census_school_district_secondary_geoid,loc_census_school_district_secondary_geoid,census_school_district_secondary_geoid,Census School District Secondary GEOID,loc,character,,,
,,census_school_district_unified_geoid,loc_census_school_district_unified_geoid,census_school_district_unified_geoid,Census School District Unified GEOID,loc,character,,,
,,census_state_representative_geoid,loc_census_state_representative_geoid,census_state_representative_geoid,Census State Representative GEOID,loc,character,,,
,,census_state_senate_geoid,loc_census_state_senate_geoid,census_state_senate_geoid,Census State Senate GEOID,loc,character,,,
,,census_tract_geoid,loc_census_tract_geoid,census_tract_geoid,Census Tract GEOID,loc,character,,,
,,census_zcta_geoid,loc_census_zcta_geoid,census_zcta_geoid,Census ZCTA GEOID,loc,character,,,
,,census_data_year,loc_census_data_year,census_data_year,Census Data Year,loc,character,,,
,,census_acs5_congressional_district_geoid,loc_census_acs5_congressional_district_geoid,census_acs5_congressional_district_geoid,Census ACS5 Congressional District GEOID,loc,character,,,
,,census_acs5_county_subdivision_geoid,loc_census_acs5_county_subdivision_geoid,census_acs5_county_subdivision_geoid,Census ACS5 County Subdivision GEOID,loc,character,,,
,,census_acs5_place_geoid,loc_census_acs5_place_geoid,census_acs5_place_geoid,Census ACS5 Place GEOID,loc,character,,,
,,census_acs5_puma_geoid,loc_census_acs5_puma_geoid,census_acs5_puma_geoid,Census ACS5 Puma GEOID,loc,character,,,
,,census_acs5_school_district_elementary_geoid,loc_census_acs5_school_district_elementary_geoid,census_acs5_school_district_elementary_geoid,Census ACS5 School District Elementary GEOID,loc,character,,,
,,census_acs5_school_district_secondary_geoid,loc_census_acs5_school_district_secondary_geoid,census_acs5_school_district_secondary_geoid,Census ACS5 School District Secondary GEOID,loc,character,,,
,,census_acs5_school_district_unified_geoid,loc_census_acs5_school_district_unified_geoid,census_acs5_school_district_unified_geoid,Census ACS5 School District Unified GEOID,loc,character,,,
,,census_acs5_state_representative_geoid,loc_census_acs5_state_representative_geoid,census_acs5_state_representative_geoid,Census ACS5 State Representative GEOID,loc,character,,,
,,census_acs5_state_senate_geoid,loc_census_acs5_state_senate_geoid,census_acs5_state_senate_geoid,Census ACS5 State Senate GEOID,loc,character,,,
,,census_acs5_tract_geoid,loc_census_acs5_tract_geoid,census_acs5_tract_geoid,Census ACS5 Tract GEOID,loc,character,,,
,,census_acs5_data_year,loc_census_acs5_data_year,census_acs5_data_year,Census ACS5 Data Year,loc,character,,,
,,cook_board_of_review_district_num,loc_cook_board_of_review_district_num,board_of_review_district_num,Board of Review District Number,loc,character,,,
,,cook_board_of_review_district_data_year,loc_cook_board_of_review_district_data_year,board_of_review_district_data_year,Board of Review District Data Year,loc,character,,,
,,cook_commissioner_district_num,loc_cook_commissioner_district_num,commissioner_district_num,Commissioner District Number,loc,character,,,
,,cook_commissioner_district_data_year,loc_cook_commissioner_district_data_year,commissioner_district_data_year,Commissioner District Data Year,loc,character,,,
,,cook_judicial_district_num,loc_cook_judicial_district_num,judicial_district_num,Judicial District Number,loc,character,,,
,,cook_judicial_district_data_year,loc_cook_judicial_district_data_year,judicial_district_data_year,Judicial District Data Year,loc,character,,,
,,cook_municipality_num,loc_cook_municipality_num,municipality_num,Municipality Number,loc,character,,,
,,cook_municipality_name,loc_cook_municipality_name,municipality_name,Municipality Name,loc,character,,,
,,cook_municipality_data_year,loc_cook_municipality_data_year,municipality_data_year,Municipality Data Year,loc,character,,,
,,ward_num,loc_ward_num,ward_num,Ward Number,loc,character,,,
,,ward_data_year,loc_ward_data_year,ward_data_year,Ward Data Year,loc,character,,,
,,chicago_community_area_num,loc_chicago_community_area_num,chicago_community_area_num,Chicago Community Area Number,loc,character,,,
,,chicago_community_area_name,loc_chicago_community_area_name,chicago_community_area_name,Chicago Community Area Name,loc,character,,,
,,chicago_community_area_data_year,loc_chicago_community_area_data_year,chicago_community_area_data_year,Chicago Community Area Data Year,loc,character,,,
,,chicago_industrial_corridor_num,loc_chicago_industrial_corridor_num,chicago_industrial_corridor_num,Chicago Industrial Corridor Number,loc,character,,,
,,chicago_industrial_corridor_name,loc_chicago_industrial_corridor_name,chicago_industrial_corridor_name,Chicago Industrial Corridor Name,loc,character,,,
,,chicago_industrial_corridor_data_year,loc_chicago_industrial_corridor_data_year,chicago_industrial_corridor_data_year,Chicago Industrial Corridor Data Year,loc,character,,,
,,chicago_police_district_num,loc_chicago_police_district_num,chicago_police_district_num,Chicago Police District Number,loc,character,,,
,,chicago_police_district_data_year,loc_chicago_police_district_data_year,chicago_police_district_data_year,Chicago Police District Data Year,loc,character,,,
,,econ_coordinated_care_area_num,loc_econ_coordinated_care_area_num,coordinated_care_area_num,Coordinated Care Area Number,loc,character,,,
,,econ_coordinated_care_area_data_year,loc_econ_coordinated_care_area_data_year,coordinated_care_area_data_year,Coordinated Care Area Data Year,loc,character,,,
,,econ_enterprise_zone_num,loc_econ_enterprise_zone_num,enterprise_zone_num,Enterprise Zone Number,loc,character,,,
,,econ_enterprise_zone_data_year,loc_econ_enterprise_zone_data_year,enterprise_zone_data_year,Enterprise Zone Data Year,loc,character,,,
,,econ_industrial_growth_zone_num,loc_econ_industrial_growth_zone_num,industrial_growth_zone_num,Industrial Growth Zone Number,loc,character,,,
,,econ_industrial_growth_zone_data_year,loc_econ_industrial_growth_zone_data_year,industrial_growth_zone_data_year,Industrial Growth Zone Data Year,loc,character,,,
,,econ_qualified_opportunity_zone_num,loc_econ_qualified_opportunity_zone_num,qualified_opportunity_zone_num,Qualified Opportunity Zone Number,loc,character,,,
,,econ_qualified_opportunity_zone_data_year,loc_econ_qualified_opportunity_zone_data_year,qualified_opportunity_zone_data_year,Qualified Opportunity Zone Data Year,loc,character,,,
,,env_flood_fema_sfha,loc_env_flood_fema_sfha,flood_fema_sfha,FEMA Special Flood Hazard Area,loc,logical,,,
,,env_flood_fema_data_year,loc_env_flood_fema_data_year,flood_fema_data_year,FEMA Data Year,loc,character,,,
,,env_flood_fs_factor,loc_env_flood_fs_factor,flood_first_street_factor,First Street Factor,loc,numeric,,,
,,env_flood_fs_risk_direction,loc_env_flood_fs_risk_direction,flood_first_street_risk_direction,First Street Risk Direction,loc,numeric,,,
,,env_flood_fs_data_year,loc_env_flood_fs_data_year,flood_first_street_data_year,First Street Data Year,loc,character,,,
,,env_ohare_noise_contour_no_buffer_bool,loc_env_ohare_noise_contour_no_buffer_bool,ohare_noise_contour_no_buffer_boolean,O'Hare Noise Contour No Buffer Boolean,loc,logical,,,
,,env_ohare_noise_contour_half_mile_buffer_bool,loc_env_ohare_noise_contour_half_mile_buffer_bool,ohare_noise_contour_half_mile_buffer_boolean,O'Hare Noise Contour Half Mile Buffer Boolean,loc,logical,,,
,,env_ohare_noise_contour_data_year,loc_env_ohare_noise_contour_data_year,ohare_noise_contour_data_year,O'Hare Noise Contour Data Year,loc,character,,,
,,school_elementary_district_geoid,loc_school_elementary_district_geoid,school_elementary_district_geoid,School Elementary District GEOID,loc,character,,,
,,school_elementary_district_name,loc_school_elementary_district_name,school_elementary_district_name,School Elementary District Name,loc,character,,,
,,school_secondary_district_geoid,loc_school_secondary_district_geoid,school_secondary_district_geoid,School Secondary District GEOID,loc,character,,,
,,school_secondary_district_name,loc_school_secondary_district_name,school_secondary_district_name,School Secondary District Name,loc,character,,,
,,school_unified_district_geoid,loc_school_unified_district_geoid,school_unified_district_geoid,School Unified District GEOID,loc,character,,,
,,school_unified_district_name,loc_school_unified_district_name,school_unified_district_name,School Unified District Name,loc,character,,,
,,school_school_year,loc_school_school_year,school_school_year,School Year,loc,character,,,
,,school_data_year,loc_school_data_year,school_data_year,School Data Year,loc,character,,,
,,tax_community_college_district_num,loc_tax_community_college_district_num,community_college_district_num,Community College District Number,loc,character,,,
,,tax_community_college_district_name,loc_tax_community_college_district_name,community_college_district_name,Community College District Name,loc,character,,,
,,tax_community_college_district_data_year,loc_tax_community_college_district_data_year,community_college_district_data_year,Community College District Data Year,loc,character,,,
,,tax_fire_protection_district_num,loc_tax_fire_protection_district_num,fire_protection_district_num,Fire Protection District Number,loc,character,,,
,,tax_fire_protection_district_name,loc_tax_fire_protection_district_name,fire_protection_district_name,Fire Protection District Name,loc,character,,,
,,tax_fire_protection_district_data_year,loc_tax_fire_protection_district_data_year,fire_protection_district_data_year,Fire Protection District Data Year,loc,character,,,
,,tax_library_district_num,loc_tax_library_district_num,library_district_num,Library District Number,loc,character,,,
,,tax_library_district_name,loc_tax_library_district_name,library_district_name,Library District Name,loc,character,,,
,,tax_library_district_data_year,loc_tax_library_district_data_year,library_district_data_year,Library District Data Year,loc,character,,,
,,tax_municipality_num,loc_tax_municipality_num,tax_municipality_num,Municipality Number,loc,character,,,
,,tax_municipality_name,loc_tax_municipality_name,tax_municipality_name,Municipality Name,loc,character,,,
,,tax_park_district_num,loc_tax_park_district_num,park_district_num,Park District Number,loc,character,,,
,,tax_park_district_name,loc_tax_park_district_name,park_district_name,Park District Name,loc,character,,,
,,tax_park_district_data_year,loc_tax_park_district_data_year,park_district_data_year,Park District Data Year,loc,character,,,
,,tax_sanitation_district_num,loc_tax_sanitation_district_num,sanitation_district_num,Sanitation District Number,loc,character,,,
,,tax_sanitation_district_name,loc_tax_sanitation_district_name,sanitation_district_name,Sanitation District Name,loc,character,,,
,,tax_sanitation_district_data_year,loc_tax_sanitation_district_data_year,sanitation_district_data_year,Sanitation District Data Year,loc,character,,,
,,tax_special_service_area_num,loc_tax_special_service_area_num,special_service_area_num,Special Service Area Number,loc,character,,,
,,tax_special_service_area_name,loc_tax_special_service_area_name,special_service_area_name,Special Service Area Name,loc,character,,,
,,tax_special_service_area_data_year,loc_tax_special_service_area_data_year,special_service_area_data_year,Special Service Area Data Year,loc,character,,,
,,tax_tif_district_num,loc_tax_tif_district_num,tif_district_num,TIF District Number,loc,character,,,
,,tax_tif_district_name,loc_tax_tif_district_name,tif_district_name,TIF District Name,loc,character,,,
,,tax_tif_district_data_year,loc_tax_tif_district_data_year,tif_district_data_year,TIF District Data Year,loc,character,,,
,,access_cmap_walk_id,loc_access_cmap_walk_id,cmap_walkability_grid_id,CMAP Walkability Grid ID,loc,character,,,
,,access_cmap_walk_nta_score,loc_access_cmap_walk_nta_score,cmap_walkability_no_transit_score,CMAP Walkability Score (No Transit),loc,numeric,,,
,,access_cmap_walk_total_score,loc_access_cmap_walk_total_score,cmap_walkability_total_score,CMAP Walkability Total Score,loc,numeric,,,
,,access_cmap_walk_data_year,loc_access_cmap_walk_data_year,cmap_walkability_data_year,CMAP Walkability Data Year,loc,character,,,
,,misc_subdivision_id,loc_misc_subdivision_id,subdivision_id,Subdivision ID,loc,character,,,
,,misc_subdivision_data_year,loc_misc_subdivision_data_year,subdivision_data_year,Subdivision Data Year,loc,character,,,
,,misc_unincorporated_area_bool,loc_misc_unincorporated_area_bool,unincorporated_area_bool,Unincorporated Area Boolean,loc,logical,,,
,,misc_unincorporated_area_data_year,loc_misc_unincorporated_area_data_year,unincorporated_area_data_year,Unincorporated Area Data Year,loc,character,,,
,,num_pin_in_half_mile,prox_num_pin_in_half_mile,num_pin_in_half_mile,Number of PINs in Half Mile,prox,numeric,,,
,,num_bus_stop_in_half_mile,prox_num_bus_stop_in_half_mile,num_bus_stop_in_half_mile,Number of Bus Stops in Half Mile,prox,numeric,,,
,,num_bus_stop_data_year,prox_num_bus_stop_data_year,num_bus_stop_data_year,Number of Bus Stops Data Year,prox,character,,,
,,num_foreclosure_in_half_mile_past_5_years,prox_num_foreclosure_in_half_mile_past_5_years,num_foreclosure_in_half_mile_past_5_years,Number of Foreclosures in Half Mile (Past 5 Years),prox,numeric,,,
,,num_foreclosure_per_1000_pin_past_5_years,prox_num_foreclosure_per_1000_pin_past_5_years,num_foreclosure_per_1000_pin_past_5_years,Number of Foreclosures Per 1000 PINs (Past 5 Years),prox,numeric,,,
,,num_foreclosure_data_year,prox_num_foreclosure_data_year,num_foreclosure_data_year,Number of Foreclosures Data Year,prox,character,,,
,,num_school_in_half_mile,prox_num_school_in_half_mile,num_school_in_half_mile,Number of Schools in Half Mile,prox,numeric,,,
,,num_school_with_rating_in_half_mile,prox_num_school_with_rating_in_half_mile,num_school_with_rating_in_half_mile,Number of Schools with Rating in Half Mile,prox,numeric,,,
,,avg_school_rating_in_half_mile,prox_avg_school_rating_in_half_mile,avg_school_rating_in_half_mile,Average School Rating in Half Mile,prox,numeric,,,
,,num_school_data_year,prox_num_school_data_year,num_school_data_year,Number of Schools Data Year,prox,character,,,
,,num_school_rating_data_year,prox_num_school_rating_data_year,num_school_rating_data_year,Number of Schools Rating Data Year,prox,character,,,
,,nearest_bike_trail_id,prox_nearest_bike_trail_id,nearest_bike_trail_id,Nearest Bike Trail ID,prox,character,,,
,,nearest_bike_trail_name,prox_nearest_bike_trail_name,nearest_bike_trail_name,Nearest Bike Trail Name,prox,character,,,
,,nearest_bike_trail_dist_ft,prox_nearest_bike_trail_dist_ft,nearest_bike_trail_dist_ft,Nearest Bike Trail Distance (Feet),prox,numeric,,,
,,nearest_bike_trail_data_year,prox_nearest_bike_trail_data_year,nearest_bike_trail_data_year,Nearest Bike Trail Data Year,prox,character,,,
,,nearest_cemetery_gnis_code,prox_nearest_cemetery_gnis_code,nearest_cemetery_gnis_code,Nearest Cemetery GNIS Code,prox,character,,,
,,nearest_cemetery_name,prox_nearest_cemetery_name,nearest_cemetery_name,Nearest Cemetery Name,prox,character,,,
,,nearest_cemetery_dist_ft,prox_nearest_cemetery_dist_ft,nearest_cemetery_dist_ft,Nearest Cemetery Distance (Feet),prox,numeric,,,
,,nearest_cemetery_data_year,prox_nearest_cemetery_data_year,nearest_cemetery_data_year,Nearest Cemetery Data Year,prox,character,,,
,,nearest_cta_route_id,prox_nearest_cta_route_id,nearest_cta_route_id,Nearest CTA Route ID,prox,character,,,
,,nearest_cta_route_name,prox_nearest_cta_route_name,nearest_cta_route_name,Nearest CTA Route Name,prox,character,,,
,,nearest_cta_route_dist_ft,prox_nearest_cta_route_dist_ft,nearest_cta_route_dist_ft,Nearest CTA Route Distance (Feet),prox,numeric,,,
,,nearest_cta_route_data_year,prox_nearest_cta_route_data_year,nearest_cta_route_data_year,Nearest CTA Route Data Year,prox,character,,,
,,nearest_cta_stop_id,prox_nearest_cta_stop_id,nearest_cta_stop_id,Nearest CTA Stop ID,prox,character,,,
,,nearest_cta_stop_name,prox_nearest_cta_stop_name,nearest_cta_stop_name,Nearest CTA Stop Name,prox,character,,,
,,nearest_cta_stop_dist_ft,prox_nearest_cta_stop_dist_ft,nearest_cta_stop_dist_ft,Nearest CTA Stop Distance (Feet),prox,numeric,,,
,,nearest_cta_stop_data_year,prox_nearest_cta_stop_data_year,nearest_cta_stop_data_year,Nearest CTA Stop Data Year,prox,character,,,
,,nearest_hospital_gnis_code,prox_nearest_hospital_gnis_code,nearest_hospital_gnis_code,Nearest Hospital GNIS Code,prox,character,,,
,,nearest_hospital_name,prox_nearest_hospital_name,nearest_hospital_name,Nearest Hospital Name,prox,character,,,
,,nearest_hospital_dist_ft,prox_nearest_hospital_dist_ft,nearest_hospital_dist_ft,Nearest Hospital Distance (Feet),prox,numeric,,,
,,nearest_hospital_data_year,prox_nearest_hospital_data_year,nearest_hospital_data_year,Nearest Hospital Data Year,prox,character,,,
,,lake_michigan_dist_ft,prox_lake_michigan_dist_ft,lake_michigan_dist_ft,Lake Michigan Distance (Feet),prox,numeric,,,
,,lake_michigan_data_year,prox_lake_michigan_data_year,lake_michigan_data_year,Lake Michigan Data Year,prox,character,,,
,,nearest_major_road_osm_id,prox_nearest_major_road_osm_id,nearest_major_road_osm_id,Nearest Major Road OSM ID,prox,character,,,
,,nearest_major_road_name,prox_nearest_major_road_name,nearest_major_road_name,Nearest Major Road Name,prox,character,,,
,,nearest_major_road_dist_ft,prox_nearest_major_road_dist_ft,nearest_major_road_dist_ft,Nearest Major Road Distance (Feet),prox,numeric,,,
,,nearest_major_road_data_year,prox_nearest_major_road_data_year,nearest_major_road_data_year,Nearest Major Road Data Year,prox,character,,,
,,nearest_metra_route_id,prox_nearest_metra_route_id,nearest_metra_route_id,Nearest Metra Route ID,prox,character,,,
,,nearest_metra_route_name,prox_nearest_metra_route_name,nearest_metra_route_name,Nearest Metra Route Name,prox,character,,,
,,nearest_metra_route_dist_ft,prox_nearest_metra_route_dist_ft,nearest_metra_route_dist_ft,Nearest Metra Route Distance (Feet),prox,numeric,,,
,,nearest_metra_route_data_year,prox_nearest_metra_route_data_year,nearest_metra_route_data_year,Nearest Metra Route Data Year,prox,character,,,
,,nearest_metra_stop_id,prox_nearest_metra_stop_id,nearest_metra_stop_id,Nearest Metra Stop ID,prox,character,,,
,,nearest_metra_stop_name,prox_nearest_metra_stop_name,nearest_metra_stop_name,Nearest Metra Stop Name,prox,character,,,
,,nearest_metra_stop_dist_ft,prox_nearest_metra_stop_dist_ft,nearest_metra_stop_dist_ft,Nearest Metra Stop Distance (Feet),prox,numeric,,,
,,nearest_metra_stop_data_year,prox_nearest_metra_stop_data_year,nearest_metra_stop_data_year,Nearest Metra Stop Data Year,prox,character,,,
,,nearest_park_osm_id,prox_nearest_park_osm_id,nearest_park_osm_id,Nearest Park OSM ID,prox,character,,,
,,nearest_park_name,prox_nearest_park_name,nearest_park_name,Nearest Park Name,prox,character,,,
,,nearest_park_dist_ft,prox_nearest_park_dist_ft,nearest_park_dist_ft,Nearest Park Distance (Feet),prox,numeric,,,
,,nearest_park_data_year,prox_nearest_park_data_year,nearest_park_data_year,Nearest Park Data Year,prox,character,,,
,,nearest_railroad_id,prox_nearest_railroad_id,nearest_railroad_id,Nearest Railroad ID,prox,character,,,
,,nearest_railroad_name,prox_nearest_railroad_name,nearest_railroad_name,Nearest Railroad Name,prox,character,,,
,,nearest_railroad_dist_ft,prox_nearest_railroad_dist_ft,nearest_railroad_dist_ft,Nearest Railroad Distance (Feet),prox,numeric,,,
,,nearest_railroad_data_year,prox_nearest_railroad_data_year,nearest_railroad_data_year,Nearest Railroad Data Year,prox,character,,,
,,nearest_water_id,prox_nearest_water_id,nearest_water_id,Nearest Water ID,prox,character,,,
,,nearest_water_name,prox_nearest_water_name,nearest_water_name,Nearest Water Name,prox,character,,,
,,nearest_water_dist_ft,prox_nearest_water_dist_ft,nearest_water_dist_ft,Nearest Water Distance (Feet),prox,numeric,,,
,,nearest_water_data_year,prox_nearest_water_data_year,nearest_water_data_year,Nearest Water Data Year,prox,character,,,
,,nearest_neighbor_1_pin10,prox_nearest_neighbor_1_pin10,nearest_neighbor_1_pin10,Nearest Neighbor 1 PIN10,prox,character,,,
,,nearest_neighbor_1_dist_ft,prox_nearest_neighbor_1_dist_ft,nearest_neighbor_1_dist_ft,Nearest Neighbor 1 Distance (Feet),prox,numeric,,,
,,nearest_neighbor_2_pin10,prox_nearest_neighbor_2_pin10,nearest_neighbor_2_pin10,Nearest Neighbor 2 PIN10,prox,character,,,
,,nearest_neighbor_2_dist_ft,prox_nearest_neighbor_2_dist_ft,nearest_neighbor_2_dist_ft,Nearest Neighbor 2 Distance (Feet),prox,numeric,,,
,,nearest_neighbor_3_pin10,prox_nearest_neighbor_3_pin10,nearest_neighbor_3_pin10,Nearest Neighbor 3 PIN10,prox,character,,,
,,nearest_neighbor_3_dist_ft,prox_nearest_neighbor_3_dist_ft,nearest_neighbor_3_dist_ft,Nearest Neighbor 3 Distance (Feet),prox,numeric,,,
,,count_sex_total,acs5_count_sex_total,acs5_count_sex_total,"Count Population Sex, Total",acs5,numeric,,,
,,percent_age_children,acs5_percent_age_children,acs5_percent_age_children,"Percent Population Age, Under 19 Years Old",acs5,numeric,,,
,,percent_age_senior,acs5_percent_age_senior,acs5_percent_age_senior,"Percent Population Age, Over 65 Years Old",acs5,numeric,,,
,,median_age_total,acs5_median_age_total,acs5_median_age_total,Median Population Age,acs5,numeric,,,
,,percent_race_white,acs5_percent_race_white,acs5_percent_race_white,"Percent Population Race, White",acs5,numeric,,,
,,percent_race_black,acs5_percent_race_black,acs5_percent_race_black,"Percent Population Race, Black",acs5,numeric,,,
,,percent_race_hisp,acs5_percent_race_hisp,acs5_percent_race_hisp,"Percent Population Race, Hispanic or Latino",acs5,numeric,,,
,,percent_race_aian,acs5_percent_race_aian,acs5_percent_race_aian,"Percent Population Race, American Indian or Alaska Native",acs5,numeric,,,
,,percent_race_asian,acs5_percent_race_asian,acs5_percent_race_asian,"Percent Population Race, Asian",acs5,numeric,,,
,,percent_race_nhpi,acs5_percent_race_nhpi,acs5_percent_race_nhpi,"Percent Population Race, Native Hawaiian and Other Pacific Islander",acs5,numeric,,,
,,percent_race_other,acs5_percent_race_other,acs5_percent_race_other,"Percent Population Race, Other",acs5,numeric,,,
,,percent_mobility_no_move,acs5_percent_mobility_no_move,acs5_percent_mobility_no_move,"Percent Population Mobility, In Same House 1 Year Ago",acs5,numeric,,,
,,percent_mobility_moved_from_other_state,acs5_percent_mobility_moved_from_other_state,acs5_percent_mobility_moved_from_other_state,"Percent Population Mobility, Moved From Other State in Past Year",acs5,numeric,,,
,,percent_household_family_married,acs5_percent_household_family_married,acs5_percent_household_family_married,"Percent Households Family, Married",acs5,numeric,,,
,,percent_household_nonfamily_alone,acs5_percent_household_nonfamily_alone,acs5_percent_household_nonfamily_alone,"Percent Households Nonfamily, Living Alone",acs5,numeric,,,
,,percent_education_high_school,acs5_percent_education_high_school,acs5_percent_education_high_school,"Percent Population Education, High School Degree",acs5,numeric,,,
,,percent_education_bachelor,acs5_percent_education_bachelor,acs5_percent_education_bachelor,"Percent Population Education, Bachelor Degree",acs5,numeric,,,
,,percent_education_graduate,acs5_percent_education_graduate,acs5_percent_education_graduate,"Percent Population Education, Graduate Degree",acs5,numeric,,,
,,percent_income_below_poverty_level,acs5_percent_income_below_poverty_level,acs5_percent_income_below_poverty_level,"Percent Population Income, Below Poverty Level",acs5,numeric,,,
,,median_income_household_past_year,acs5_median_income_household_past_year,acs5_median_income_household_past_year,"Median Income, Household in Past Year",acs5,numeric,,,
,,median_income_per_capita_past_year,acs5_median_income_per_capita_past_year,acs5_median_income_per_capita_past_year,"Median Income, Per Capita in Past Year",acs5,numeric,,,
,,percent_income_household_received_snap_past_year,acs5_percent_income_household_received_snap_past_year,acs5_percent_income_household_received_snap_past_year,"Percent Population Income, Received SNAP in Past Year",acs5,numeric,,,
,,percent_employment_unemployed,acs5_percent_employment_unemployed,acs5_percent_employment_unemployed,"Percent Population Employment, Unemployed",acs5,numeric,,,
,,median_household_total_occupied_year_built,acs5_median_household_total_occupied_year_built,acs5_median_household_total_occupied_year_built,"Median Occupied Household, Total, Year Built",acs5,numeric,,,
,,median_household_renter_occupied_gross_rent,acs5_median_household_renter_occupied_gross_rent,acs5_median_household_renter_occupied_gross_rent,"Median Occupied Household, Renter, Gross Rent",acs5,numeric,,,
,,median_household_owner_occupied_value,acs5_median_household_owner_occupied_value,acs5_median_household_owner_occupied_value,"Median Occupied Household, Owner, Market Value",acs5,numeric,,,
,,percent_household_owner_occupied,acs5_percent_household_owner_occupied,acs5_percent_household_owner_occupied,"Percent Occupied Households, Owner",acs5,numeric,,,
,,percent_household_total_occupied_w_sel_cond,acs5_percent_household_total_occupied_w_sel_cond,acs5_percent_household_total_occupied_w_sel_cond,"Percent Occupied Households, Total, One or More Selected Conditions",acs5,numeric,,,
,,count_sex_male,acs5_count_sex_male,acs5_count_sex_male,"Count Population Sex, Male",acs5,numeric,,,
,,count_sex_female,acs5_count_sex_female,acs5_count_sex_female,"Count Population Sex, Female",acs5,numeric,,,
,,percent_sex_male,acs5_percent_sex_male,acs5_percent_sex_male,"Percent Population Sex, Male",acs5,numeric,,,
,,percent_sex_female,acs5_percent_sex_female,acs5_percent_sex_female,"Percent Population Sex, Female",acs5,numeric,,,
,,count_age_children,acs5_count_age_children,acs5_count_age_children,"Count Population Age, Under 19 Years Old",acs5,numeric,,,
,,count_age_senior,acs5_count_age_senior,acs5_count_age_senior,"Count Population Age, Over 65 Years Old",acs5,numeric,,,
,,median_age_male,acs5_median_age_male,acs5_median_age_male,"Median Population Age, Male",acs5,numeric,,,
,,median_age_female,acs5_median_age_female,acs5_median_age_female,"Median Population Age, Female",acs5,numeric,,,
,,count_race_total,acs5_count_race_total,acs5_count_race_total,"Count Population Race, Total",acs5,numeric,,,
,,count_race_white,acs5_count_race_white,acs5_count_race_white,"Count Population Race, White",acs5,numeric,,,
,,count_race_black,acs5_count_race_black,acs5_count_race_black,"Count Population Race, Black",acs5,numeric,,,
,,count_race_hisp,acs5_count_race_hisp,acs5_count_race_hisp,"Count Population Race, Hispanic or Latino",acs5,numeric,,,
,,count_race_aian,acs5_count_race_aian,acs5_count_race_aian,"Count Population Race, American Indian or Alaska Native",acs5,numeric,,,
,,count_race_asian,acs5_count_race_asian,acs5_count_race_asian,"Count Population Race, Asian",acs5,numeric,,,
,,count_race_nhpi,acs5_count_race_nhpi,acs5_count_race_nhpi,"Count Population Race, Native Hawaiian and Other Pacific Islander",acs5,numeric,,,
,,count_race_other,acs5_count_race_other,acs5_count_race_other,"Count Population Race, Other",acs5,numeric,,,
,,count_mobility_total,acs5_count_mobility_total,acs5_count_mobility_total,"Count Population Mobility, Total",acs5,numeric,,,
,,count_mobility_no_move,acs5_count_mobility_no_move,acs5_count_mobility_no_move,"Count Population Mobility, In Same House 1 Year Ago",acs5,numeric,,,
,,count_mobility_moved_in_county,acs5_count_mobility_moved_in_county,acs5_count_mobility_moved_in_county,"Count Population Mobility, Moved From Within Same County in Past Year",acs5,numeric,,,
,,count_mobility_moved_in_state,acs5_count_mobility_moved_in_state,acs5_count_mobility_moved_in_state,"Count Population Mobility, Moved From Within Same State in Past Year",acs5,numeric,,,
,,count_mobility_moved_from_other_state,acs5_count_mobility_moved_from_other_state,acs5_count_mobility_moved_from_other_state,"Count Population Mobility, Moved From Other State in Past Year",acs5,numeric,,,
,,count_mobility_moved_from_abroad,acs5_count_mobility_moved_from_abroad,acs5_count_mobility_moved_from_abroad,"Count Population Mobility, Moved From Abroad in Past Year",acs5,numeric,,,
,,percent_mobility_moved_in_county,acs5_percent_mobility_moved_in_county,acs5_percent_mobility_moved_in_county,"Percent Population Mobility, Moved From Within Same County in Past Year",acs5,numeric,,,
,,percent_mobility_moved_in_state,acs5_percent_mobility_moved_in_state,acs5_percent_mobility_moved_in_state,"Percent Population Mobility, Moved From Within Same State in Past Year",acs5,numeric,,,
,,percent_mobility_moved_from_abroad,acs5_percent_mobility_moved_from_abroad,acs5_percent_mobility_moved_from_abroad,"Percent Population Mobility, Moved From Abroad in Past Year",acs5,numeric,,,
,,count_household_total,acs5_count_household_total,acs5_count_household_total,Count Households Total,acs5,numeric,,,
,,count_household_family_total,acs5_count_household_family_total,acs5_count_household_family_total,"Count Households Family, Total",acs5,numeric,,,
,,count_household_family_married,acs5_count_household_family_married,acs5_count_household_family_married,"Count Households Family, Married",acs5,numeric,,,
,,count_household_family_other,acs5_count_household_family_other,acs5_count_household_family_other,"Count Households Family, Other",acs5,numeric,,,
,,count_household_nonfamily_alone,acs5_count_household_nonfamily_alone,acs5_count_household_nonfamily_alone,"Count Households Nonfamily, Alone",acs5,numeric,,,
,,count_household_nonfamily_not_alone,acs5_count_household_nonfamily_not_alone,acs5_count_household_nonfamily_not_alone,"Count Households Nonfamily, Not Alone",acs5,numeric,,,
,,percent_household_nonfamily_not_alone,acs5_percent_household_nonfamily_not_alone,acs5_percent_household_nonfamily_not_alone,"Percent Households Nonfamily, Not Alone",acs5,numeric,,,
,,count_education_total,acs5_count_education_total,acs5_count_education_total,"Count Population Education, Total",acs5,numeric,,,
,,count_education_high_school,acs5_count_education_high_school,acs5_count_education_high_school,"Count Population Education, High School Degree",acs5,numeric,,,
,,count_education_associate,acs5_count_education_associate,acs5_count_education_associate,"Count Population Education, Associate Degree",acs5,numeric,,,
,,count_education_bachelor,acs5_count_education_bachelor,acs5_count_education_bachelor,"Count Population Education, Bachelor Degree",acs5,numeric,,,
,,count_education_graduate,acs5_count_education_graduate,acs5_count_education_graduate,"Count Population Education, Graduate Degree",acs5,numeric,,,
,,percent_education_associate,acs5_percent_education_associate,acs5_percent_education_associate,"Percent Population Education, Associate Degree",acs5,numeric,,,
,,count_income_total_poverty_level,acs5_count_income_total_poverty_level,acs5_count_income_total_poverty_level,"Count Population Income, Total Poverty Line",acs5,numeric,,,
,,count_income_below_poverty_level,acs5_count_income_below_poverty_level,acs5_count_income_below_poverty_level,"Count Population Income, Below Poverty Line",acs5,numeric,,,
,,count_income_above_poverty_level,acs5_count_income_above_poverty_level,acs5_count_income_above_poverty_level,"Count Population Income, Above Poverty Line",acs5,numeric,,,
,,percent_income_above_poverty_level,acs5_percent_income_above_poverty_level,acs5_percent_income_above_poverty_level,"Percent Population Income, Above Poverty Line",acs5,numeric,,,
,,count_income_household_received_snap_past_year,acs5_count_income_household_received_snap_past_year,acs5_count_income_household_received_snap_past_year,"Count Population Income, Received SNAP in Past Year",acs5,numeric,,,
,,count_employment_in_civilian_labor_force,acs5_count_employment_in_civilian_labor_force,acs5_count_employment_in_civilian_labor_force,"Count Population Employment, In Civilian Labor Force",acs5,numeric,,,
,,count_employment_unemployed,acs5_count_employment_unemployed,acs5_count_employment_unemployed,"Count Population Employment, Unemployed",acs5,numeric,,,
,,count_employment_not_in_labor_force,acs5_count_employment_not_in_labor_force,acs5_count_employment_not_in_labor_force,"Count Population Employment, Not In Labor Force",acs5,numeric,,,
,,count_household_total_occupied,acs5_count_household_total_occupied,acs5_count_household_total_occupied,"Count Occupied Households, Total",acs5,numeric,,,
,,count_household_owner_occupied,acs5_count_household_owner_occupied,acs5_count_household_owner_occupied,"Count Occupied Households, Owner",acs5,numeric,,,
,,count_household_renter_occupied,acs5_count_household_renter_occupied,acs5_count_household_renter_occupied,"Count Occupied Households, Renter",acs5,numeric,,,
,,median_household_owner_occupied_year_built,acs5_median_household_owner_occupied_year_built,acs5_median_household_owner_occupied_year_built,"Median Occupied Household, Owner, Year Built",acs5,numeric,,,
,,median_household_renter_occupied_year_built,acs5_median_household_renter_occupied_year_built,acs5_median_household_renter_occupied_year_built,"Median Occupied Household, Renter, Year Built",acs5,numeric,,,
,,percent_household_renter_occupied,acs5_percent_household_renter_occupied,acs5_percent_household_renter_occupied,"Percent Occupied Households, Renter",acs5,numeric,,,
,,count_household_owner_occupied_1_sel_cond,acs5_count_household_owner_occupied_1_sel_cond,acs5_count_household_owner_occupied_1_sel_cond,"Count Occupied Households, Owner, One Selected Condition",acs5,numeric,,,
,,count_household_owner_occupied_2_sel_cond,acs5_count_household_owner_occupied_2_sel_cond,acs5_count_household_owner_occupied_2_sel_cond,"Count Occupied Households, Owner, Two Selected Conditions",acs5,numeric,,,
,,count_household_owner_occupied_3_sel_cond,acs5_count_household_owner_occupied_3_sel_cond,acs5_count_household_owner_occupied_3_sel_cond,"Count Occupied Households, Owner, Three Selected Conditions",acs5,numeric,,,
,,count_household_owner_occupied_4_sel_cond,acs5_count_household_owner_occupied_4_sel_cond,acs5_count_household_owner_occupied_4_sel_cond,"Count Occupied Households, Owner, Four Selected Conditions",acs5,numeric,,,
,,count_household_renter_occupied_1_sel_cond,acs5_count_household_renter_occupied_1_sel_cond,acs5_count_household_renter_occupied_1_sel_cond,"Count Occupied Households, Renter, One Selected Condition",acs5,numeric,,,
,,count_household_renter_occupied_2_sel_cond,acs5_count_household_renter_occupied_2_sel_cond,acs5_count_household_renter_occupied_2_sel_cond,"Count Occupied Households, Renter, Two Selected Conditions",acs5,numeric,,,
,,count_household_renter_occupied_3_sel_cond,acs5_count_household_renter_occupied_3_sel_cond,acs5_count_household_renter_occupied_3_sel_cond,"Count Occupied Households, Renter, Three Selected Conditions",acs5,numeric,,,
,,count_household_renter_occupied_4_sel_cond,acs5_count_household_renter_occupied_4_sel_cond,acs5_count_household_renter_occupied_4_sel_cond,"Count Occupied Households, Renter, Four Selected Conditions",acs5,numeric,,,
,,percent_household_owner_occupied_w_sel_cond,acs5_percent_household_owner_occupied_w_sel_cond,acs5_percent_household_owner_occupied_w_sel_cond,"Percent Occupied Households, Owner, One or More Selected Conditions",acs5,numeric,,,
,,percent_household_renter_occupied_w_sel_cond,acs5_percent_household_renter_occupied_w_sel_cond,acs5_percent_household_renter_occupied_w_sel_cond,"Percent Occupied Households, Renter, One or More Selected Conditions",acs5,numeric,,,
,,other_ihs_avg_year_index,other_ihs_avg_year_index,depaul_ihs_avg_year_index,DePaul IHS Average Year Index,other,numeric,,,
,,other_tax_bill_amount_total,other_tax_bill_amount_total,tax_bill_amount_total,Property Tax Bill Amount Total,other,numeric,,,
,,other_tax_bill_rate,other_tax_bill_rate,tax_bill_aggregate_rate,Property Tax Bill Aggregate Rate,other,numeric,,,
,,other_school_district_elementary_avg_rating,other_school_district_elementary_avg_rating,school_district_elementary_avg_greatschools_rating,School District (Elementary) GreatSchools Rating,other,numeric,,,
,,other_school_district_secondary_avg_rating,other_school_district_secondary_avg_rating,school_district_secondary_avg_greatschools_rating,School District (Secondary) GreatSchools Rating,other,numeric,,,
,,sale_date,meta_sale_date,sale_date,Sale Date,meta,date,,,
,,sale_price,meta_sale_price,sale_price,Sale Price,meta,numeric,,,
,,sale_price_log10,meta_sale_price_log10,sale_price_log10,Sale Price (log10),meta,numeric,,,
,,sale_key,meta_sale_key,sale_key,Sale Key,meta,character,,,
,transno,doc_no,meta_sale_document_num,sale_document_num,Sale Document Number,meta,character,,,
,instrtyp,deed_type,meta_sale_deed_type,sale_deed_type,Sale Deed Type,meta,character,1,Warranty Deed,WD
,instrtyp,deed_type,meta_sale_deed_type,sale_deed_type,Sale Deed Type,meta,character,2,Trustee Deed,TD
,instrtyp,deed_type,meta_sale_deed_type,sale_deed_type,Sale Deed Type,meta,character,3,Quit Claim Deed,QCD
,instrtyp,deed_type,meta_sale_deed_type,sale_deed_type,Sale Deed Type,meta,character,4,Executor Deed,ED
,instrtyp,deed_type,meta_sale_deed_type,sale_deed_type,Sale Deed Type,meta,character,5,Other,O
,instrtyp,deed_type,meta_sale_deed_type,sale_deed_type,Sale Deed Type,meta,character,6,Beneficial Intrst,BI
,instrtyp,deed_type,meta_sale_deed_type,sale_deed_type,Sale Deed Type,meta,character,99,Unknown,UKNWN
,oldown,seller_name,meta_sale_seller_name,sale_seller_name,Sale Seller Name,meta,character,,,
,own1,buyer_name,meta_sale_buyer_name,sale_buyer_name,Sale Buyer Name,meta,character,,,
,saletype,sale_type,meta_sale_type,sale_type,Sale Type,meta,categorical,0,LAND,LND
,saletype,sale_type,meta_sale_type,sale_type,Sale Type,meta,categorical,1,LAND AND BUILDING,LNDBLDG
,,is_multisale,meta_is_multisale,is_multisale,Multisale,meta,logical,,,
,nopar,num_parcels_sale,meta_num_parcels_sale,num_parcels_sale,Number of Parcels Sold,meta,numeric,,,
,,sv_is_outlier,meta_sv_is_outlier,sv_is_outlier,Sales Validation Outlier,meta,logical,,,
,who,updated_by,meta_updated_by,record_last_updated_by,Record Last Updated By,meta,character,,,
,wen,updated_at,meta_updated_at,record_last_updated_at,Record Last Updated At,meta,date,,,
,,modeling_group,meta_modeling_group,property_group,Property Group,meta,categorical,0,Non-Livable Space,NONLIVABLE
,,modeling_group,meta_modeling_group,property_group,Property Group,meta,categorical,1,Single-Family,SF
,,modeling_group,meta_modeling_group,property_group,Property Group,meta,categorical,2,Multi-Family,MF
,,modeling_group,meta_modeling_group,property_group,Property Group,meta,categorical,3,Condominium,CONDO
,,modeling_group,meta_modeling_group,property_group,Property Group,meta,categorical,4,Bed & Breakfast,BB
,,sale_year,time_sale_year,sale_year,Sale Year,time,numeric,,,
,,sale_quarter,time_sale_quarter,sale_quarter,Sale Quarter,time,numeric,,,
,,sale_month,time_sale_month,sale_month,Sale Month,time,numeric,,,
,,sale_week,time_sale_week,sale_week,Sale Week,time,numeric,,,
,,sale_day,time_sale_day,sale_day,Sale Day,time,numeric,,,
,,sale_quarter_of_year,time_sale_quarter_of_year,sale_quarter_of_year,Sale Quarter of Year,time,character,,,
,,sale_month_of_year,time_sale_month_of_year,sale_month_of_year,Sale Month of Year,time,character,,,
,,sale_week_of_year,time_sale_week_of_year,sale_week_of_year,Sale Week of Year,time,numeric,,,
,,sale_day_of_year,time_sale_day_of_year,sale_day_of_year,Sale Day of Year,time,numeric,,,
,,sale_day_of_month,time_sale_day_of_month,sale_day_of_month,Sale Day of Month,time,numeric,,,
,,sale_day_of_week,time_sale_day_of_week,sale_day_of_week,Sale Day of Week,time,numeric,,,
,,sale_during_school_year,time_sale_during_school_year,sale_during_school_year,Sale During School Year,time,logical,,,
,,sale_during_holidays,time_sale_during_holidays,sale_during_holidays,Sale During Holidays,time,logical,,,
,,sale_post_covid,time_sale_post_covid,sale_post_covid,Sale After COVID-19,time,logical,,,
,,board_bldg,meta_board_bldg,board_bldg_av,BoR Assessed Value (Building),meta,numeric,,,
,,board_land,meta_board_land,board_land_av,BoR Assessed Value (Land),meta,numeric,,,
,,board_tot,meta_board_tot,board_total_av,BoR Assessed Value (Total),meta,numeric,,,
,,oneyr_pri_board_bldg,meta_1yr_pri_board_bldg,one_yr_pri_board_bldg_av,1 Year Prior BoR Assessed Value (Building),meta,numeric,,,
,,oneyr_pri_board_land,meta_1yr_pri_board_land,one_yr_pri_board_land_av,1 Year Prior BoR Assessed Value (Land),meta,numeric,,,
,,oneyr_pri_board_tot,meta_1yr_pri_board_tot,one_yr_pri_board_tot_av,1 Year Prior BoR Assessed Value (Total),meta,numeric,,,
,,twoyr_pri_board_bldg,meta_2yr_pri_board_bldg,two_yr_pri_board_bldg_av,2 Years Prior BoR Assessed Value (Building),meta,numeric,,,
,,twoyr_pri_board_land,meta_2yr_pri_board_land,two_yr_pri_board_land_av,2 Years Prior BoR Assessed Value (Land),meta,numeric,,,
,,twoyr_pri_board_tot,meta_2yr_pri_board_tot,two_yr_pri_board_tot_av,2 Years Prior BoR Assessed Value (Total),meta,numeric,,,
,,certified_bldg,meta_certified_bldg,certified_bldg_av,Certified Assessed Value (Building),meta,numeric,,,
,,certified_land,meta_certified_land,certified_land_av,Certified Assessed Value (Land),meta,numeric,,,
,,certified_tot,meta_certified_tot,certified_total_av,Certified Assessed Value (Total),meta,numeric,,,
,,oneyr_pri_certified_bldg,meta_1yr_pri_certified_bldg,one_yr_pri_certified_bldg_av,1 Year Prior Certified Assessed Value (Building),meta,numeric,,,
,,oneyr_pri_certified_land,meta_1yr_pri_certified_land,one_yr_pri_certified_land_av,1 Year Prior Certified Assessed Value (Land),meta,numeric,,,
,,oneyr_pri_certified_tot,meta_1yr_pri_certified_tot,one_yr_pri_certified_tot_av,1 Year Prior Certified Assessed Value (Total),meta,numeric,,,
,,twoyr_pri_certified_bldg,meta_2yr_pri_certified_bldg,two_yr_pri_certified_bldg_av,2 Years Prior Certified Assessed Value (Building),meta,numeric,,,
,,twoyr_pri_certified_land,meta_2yr_pri_certified_land,two_yr_pri_certified_land_av,2 Years Prior Certified Assessed Value (Land),meta,numeric,,,
,,twoyr_pri_certified_tot,meta_2yr_pri_certified_tot,two_yr_pri_certified_tot_av,2 Years Prior Certified Assessed Value (Total),meta,numeric,,,
,,mailed_bldg,meta_mailed_bldg,mailed_bldg_av,Mailed Assessed Value (Building),meta,numeric,,,
,,mailed_land,meta_mailed_land,mailed_land_av,Mailed Assessed Value (Land),meta,numeric,,,
,,mailed_tot,meta_mailed_tot,mailed_total_av,Mailed Assessed Value (Total),meta,numeric,,,
,,oneyr_pri_mailed_bldg,meta_1yr_pri_mailed_bldg,one_yr_pri_mailed_bldg_av,1 Year Prior Mailed Assessed Value (Building),meta,numeric,,,
,,oneyr_pri_mailed_land,meta_1yr_pri_mailed_land,one_yr_pri_mailed_land_av,1 Year Prior Mailed Assessed Value (Land),meta,numeric,,,
,,oneyr_pri_mailed_tot,meta_1yr_pri_mailed_tot,one_yr_pri_mailed_tot_av,1 Year Prior Mailed Assessed Value (Total),meta,numeric,,,
,,twoyr_pri_mailed_bldg,meta_2yr_pri_mailed_bldg,two_yr_pri_mailed_bldg_av,2 Years Prior Mailed Assessed Value (Building),meta,numeric,,,
,,twoyr_pri_mailed_land,meta_2yr_pri_mailed_land,two_yr_pri_mailed_land_av,2 Years Prior Mailed Assessed Value (Land),meta,numeric,,,
,,twoyr_pri_mailed_tot,meta_2yr_pri_mailed_tot,two_yr_pri_mailed_tot_av,2 Years Prior Mailed Assessed Value (Total),meta,numeric,,,
,,char_land_sf_95_percentile,char_land_sf_95_percentile,land_sqft_95_percentile,Land Square Feet 95th Percentile,char,numeric,,,
,,char_bldg_sf_95_percentile,char_bldg_sf_95_percentile,bldg_sqft_95_percentile,Building Square Feet 95th Percentile,char,numeric,,,
,,ind_land_gte_95_percentile,ind_land_gte_95_percentile,land_sqft_gte_95_percentile,Land Square Feet Greater Than or Equal to 95th Percentile,ind,logical,,,
,,ind_bldg_gte_95_percentile,ind_bldg_gte_95_percentile,bldg_sqft_gte_95_percentile,Building Square Feet Greater Than or Equal to 95th Percentile,ind,logical,,,
,,ind_land_bldg_ratio_gte_10,ind_land_bldg_ratio_gte_10,land_bldg_sqft_ratio_gte_10,Land to Building Square Footage Ratio Greater Than or Equal to 10,ind,logical,,,
,user24/user20/user24,card_proration_rate,meta_card_protation_rate,card_proration_rate,Card Proration Rate,meta,numeric,,,
,tiebldgpct,char_tiebldgpct,char_tiebldgpct,proration_rate,Tieback Proration Rate,char,numeric,,,
,,char_building_pins,char_building_pins,building_pins,Total Condominium Building Parcels,char,numeric,,,
,,char_building_non_units,char_building_non_units,building_non_units,Total Condominium Building Non-Livable Parcels,char,numeric,,,
,,is_parking_space,is_parking_space,is_parking_space,Parking/Garage Space or Storage Unit,meta,logical,,,
,,parking_space_flag_reason,parking_space_flag_reason,,Reason Parcel Is Considered Parking/Garage Space or Storage Unit,meta,character,,,
,,is_common_area,is_common_area,is_common_area,Building Common Area,meta,logical,,,
,,char_building_units,char_building_units,building_units,Total Condominium Building Livable Parcels,char,numeric,,,
,,char_building_sf       ,char_building_sf       ,building_sf       ,Total Condominium Building Square Footage,char,numeric,,,
,,char_unit_sf,char_unit_sf,unit_sf,Condominium Unit Square Footage,char,numeric,,,
,,char_bedrooms,char_bedrooms,bedrooms,Condominium Unit Bedrooms,char,numeric,,,
,,char_half_baths,char_half_baths,half_baths,Condominium Unit Half Baths,char,numeric,,,
,,char_full_baths,char_full_baths,full_baths,Condominium Unit Full Baths,char,numeric,,,
,lline,meta_lline_num,meta_lline_num,lline_num,Condominium Lline Number,meta,numeric,,,
,,ind_pin_is_multilline,ind_pin_is_multilline,ind_pin_is_multilline,MultiLLine PIN,ind,logical,,,
,,meta_pin_num_lline,meta_pin_num_lline,pin_num_lline,Number of LLines on PIN,meta,numeric,,,
,,char_bldg_is_mixed_use,char_bldg_is_mixed_use,bldg_is_mixed_use,Condominium Building Is Mixed Use,char,logical,,,
,,env_airport_noise_dnl,loc_env_airport_noise_dnl,airport_noise_dnl,Airport Noise DNL,loc,numeric,,,
,,env_airport_noise_data_year,loc_env_airport_noise_data_year,airport_noise_data_year,Airport Noise DNL Data Year,loc,character,,,
,,nearest_golf_course_dist_ft,prox_nearest_golf_course_dist_ft,nearest_golf_course_dist_ft,Nearest Golf Course Distance (Feet),prox,numeric,,,
,,nearest_golf_course_id,prox_nearest_golf_course_id,nearest_golf_course_id,Nearest Golf Course ID,prox,character,,,
,,nearest_golf_course_data_year,prox_nearest_golf_course_data_year,nearest_golf_course_data_year,Nearest Golf Course Data Year,prox,character,,,
,,char_recent_renovation,char_recent_renovation,recent_renovation,Recent Renovation,char,logical,,,
